Conditions,flow_rate,precipitation,depth1,depth2,depth3,depth4
100a.1,27.00896,0,1.573,0,0,0
100a.1,27.31919539,0.0984687,1.572,0,0,0
100a.1,27.96029213,0.099828765,1.572,0,0,0
100a.1,28.61219351,0.10118883,1.572,0,0,0
100a.1,29.24086469,0.102548895,1.572,0,0,0
100a.1,29.85327205,0.104180973,1.572,0,0,0
100a.1,30.46238316,0.105541038,1.573,0,0,0
100a.1,31.07116673,0.107173116,1.575,0,0,0
100a.1,31.68159253,0.108805194,1.577,0,0,0
100a.1,32.29363132,0.110709285,1.58,0,0,0
100a.1,32.90725487,0.112341363,1.584,0,0,0
100a.1,33.52343587,0.114245454,1.588,0,0,0
100a.1,34.14214787,0.116149544,1.592,0,0,0
100a.1,34.7643653,0.118053635,1.598,0,0,0
100a.1,35.38906338,0.120229739,1.604,0,0,0
100a.1,36.01921812,0.122405843,1.61,0,0,0
100a.1,36.65280626,0.124581947,1.617,0,0,0
100a.1,37.29180526,0.126758051,1.625,0,0,0
100a.1,37.93819326,0.129206168,1.633,0,0,0
100a.1,38.59194906,0.131926298,1.642,0,0,0
100a.1,39.25605208,0.134646427,1.651,0,0,0
100a.1,39.93348236,0.137366557,1.661,0,0,0
100a.1,40.62822051,0.1403587,1.671,0,0,0
100a.1,41.34624771,0.143350843,1.682,0,0,0
100a.1,42.09754565,0.146887012,1.692,0,0,0
100a.1,42.90109658,0.150151168,1.703,0,0,0
100a.1,43.78888321,0.153959349,1.715,0,0,0
100a.1,44.83288876,0.157767531,1.726,0,0,0
100a.1,46.2310969,0.161847726,1.738,0,0,0
100a.1,48.91349174,0.166199934,1.751,0,0,0
100a.1,55.69605784,0.170824154,1.764,0,0,0
100a.1,62.07378015,0.175992401,1.778,0,0.001,0.001
100a.1,60.97264405,0.181160648,1.794,0,0.002,0.002
100a.1,57.2906353,0.18687292,1.813,0,0.002,0.002
100a.1,54.83074002,0.193129219,1.834,0,0.002,0.002
100a.1,53.4439447,0.199657531,1.856,0,0.003,0.003
100a.1,52.7722362,0.207001881,1.878,0,0.003,0.003
100a.1,52.53460169,0.214890258,1.898,0,0.003,0.003
100a.1,52.55802869,0.22332266,1.916,0,0.004,0.003
100a.1,52.73350503,0.232843115,1.933,0,0.004,0.003
100a.1,53.03601885,0.243179608,1.949,0,0.004,0.004
100a.1,53.40955857,0.254604154,1.964,0,0.004,0.004
100a.1,53.82811294,0.267660777,1.979,0,0.004,0.004
100a.1,54.27967094,0.282077465,1.993,0,0.005,0.004
100a.1,54.75422187,0.298398244,2.006,0,0.005,0.004
100a.1,55.24675525,0.31716714,2.02,0,0.005,0.004
100a.1,55.7532609,0.338928179,2.032,0,0.005,0.005
100a.1,56.27172884,0.364497399,2.045,0,0.005,0.005
100a.1,56.79914936,0.394690841,2.057,0,0.005,0.005
100a.1,57.33451299,0.431412594,2.069,0,0.005,0.005
100a.1,57.87681046,0.476566749,2.082,0,0.005,0.005
100a.1,58.42403275,0.534233502,2.094,0,0.005,0.005
100a.1,58.97617103,0.609853112,2.107,0,0.005,0.005
100a.1,59.5322167,0.714034085,2.119,0,0.005,0.005
100a.1,60.09216133,0.866633369,2.132,0,0.005,0.005
100a.1,60.65499673,1.111445055,2.144,0,0.005,0.005
100a.1,61.22071486,1.564890701,2.157,0,0.005,0.006
100a.1,61.7883079,2.66763134,2.169,0,0.005,0.006
100a.1,62.35876819,5.921722675,2.182,0,0.006,0.006
100a.1,62.93008825,3.923243277,2.194,0,0.006,0.006
100a.1,63.50426078,2.348016083,2.207,0,0.006,0.006
100a.1,64.07927864,1.665807518,2.22,0,0.006,0.006
100a.1,64.65613485,1.291517651,2.232,0,0.006,0.006
100a.1,65.23482259,1.057042458,2.245,0,0.006,0.006
100a.1,65.81433521,0.897098823,2.258,0,0.006,0.006
100a.1,66.39466619,0.780949279,2.271,0,0.006,0.006
100a.1,66.97680916,0.693089085,2.284,0,0.006,0.006
100a.1,67.5597579,0.6242698,2.297,0,0.006,0.006
100a.1,68.14450632,0.568779151,2.309,0,0.006,0.006
100a.1,68.72904849,0.523080969,2.322,0,0.006,0.006
100a.1,69.31537858,0.484999152,2.335,0,0.006,0.006
100a.1,69.9024909,0.452629606,2.347,0,0.006,0.006
100a.1,70.4903799,0.424612269,2.36,0,0.006,0.006
100a.1,71.01804014,0.4001311,2.372,0,0.006,0.006
100a.1,71.4174663,0.378642075,2.384,0,0.005,0.006
100a.1,71.79365319,0.359873179,2.396,0,0.005,0.006
100a.1,72.26759571,0.342736361,2.408,0,0.005,0.006
100a.1,72.81528889,0.327503633,2.42,0,0.005,0.006
100a.1,73.39372786,0.313902984,2.432,0,0.005,0.006
100a.1,73.98490788,0.301390387,2.443,0,0.005,0.006
100a.1,74.58182427,0.289965842,2.455,0,0.005,0.006
100a.1,75.1804725,0.279357335,2.467,0,0.005,0.006
100a.1,75.7808481,0.269836881,2.478,0,0.005,0.005
100a.1,76.38194672,0.260860452,2.49,0,0.005,0.005
100a.1,76.98176409,0.252700063,2.501,0,0.005,0.005
100a.1,77.58129606,0.245083699,2.513,0,0.005,0.005
100a.1,78.18053852,0.237739349,2.525,0,0.005,0.005
100a.1,78.7794875,0.231211037,2.536,0,0.005,0.005
100a.1,79.3771391,0.224954738,2.548,0,0.004,0.005
100a.1,79.97448948,0.218970453,2.56,0,0.004,0.005
100a.1,80.57053492,0.213530193,2.571,0,0.004,0.005
100a.1,81.16627175,0.208089933,2.583,0,0.004,0.005
100a.1,81.76169641,0.2031937,2.594,0,0.004,0.005
100a.1,82.35580538,0.198569479,2.606,0,0.004,0.005
100a.1,82.94959526,0.194217271,2.618,0,0.004,0.005
100a.1,83.54306268,0.189865063,2.629,0,0.004,0.005
100a.1,83.55202948,0.186056881,2.641,0,0.004,0.005
100a.1,83.25012915,0.1822487,2.652,0,0.004,0.005
100a.1,83.44060343,0.178440518,2.663,0,0.004,0.005
100a.1,83.48007594,0.174904349,2.673,0,0.004,0.005
100a.1,83.5965105,0.171640193,2.683,0,0.004,0.005
100a.1,83.77432959,0.16864805,2.692,0,0.004,0.005
100a.1,84.0433269,0.165383895,2.701,0,0.004,0.004
100a.1,84.15892371,0.162663765,2.709,0,0.004,0.004
100a.1,84.32356301,0.159671622,2.716,0,0.004,0.004
100a.1,84.40911939,0.157223505,2.724,0,0.004,0.004
100a.1,85.16904731,0.154503375,2.731,0,0.004,0.004
100a.1,86.24858766,0.152055258,2.737,0,0.004,0.004
100a.1,87.36270418,0.149607142,2.744,0,0.004,0.004
100a.1,88.51158926,0.147431038,2.751,0,0.004,0.004
100a.1,89.69537621,0.144982921,2.759,0,0.004,0.004
100a.1,90.91313587,0.14307883,2.767,0,0.004,0.004
100a.1,92.16587328,0.140902726,2.776,0.047,0.004,0.004
100a.1,93.45452431,0.138998635,2.786,0.125,0.004,0.004
100a.1,94.77695246,0.136822531,2.796,0.207,0.003,0.004
100a.1,96.13394559,0.13491844,2.806,0.287,0.003,0.004
100a.1,97.52521294,0.133286362,2.817,0.361,0.003,0.004
100a.1,98.94938209,0.131382272,2.827,0.429,0.003,0.004
100a.1,100.4079962,0.129750194,2.838,0.491,0.003,0.004
100a.1,101.8995112,0.128118116,2.848,0.546,0.003,0.004
100a.1,103.4232934,0.126486038,2.858,0.596,0.003,0.004
100a.1,104.9786174,0.12485396,2.867,0.64,0.003,0.004
100a.1,106.5636636,0.123493895,2.876,0.682,0.003,0.004
100a.1,108.1795165,0.121861817,2.885,0.721,0.003,0.004
100a.1,109.8241633,0.120501752,2.893,0.756,0.003,0.004
100a.1,111.4954924,0.119141687,2.9,0.789,0.003,0.004
100a.1,113.1942925,0.117781622,2.907,0.819,0.003,0.004
100a.1,114.9182518,0.116421557,2.914,0.847,0.003,0.004
100a.1,116.6649577,0.115061492,2.92,0.873,0.003,0.004
100a.1,118.4348968,0.113973441,2.925,0.901,0.003,0.004
100a.1,120.2254552,0.112613376,2.93,0.917,0.003,0.004
100a.1,122.0339191,0.111525324,2.934,0.932,0.003,0.004
100a.1,123.8604764,0.110165259,2.938,0.962,0.003,0.004
100a.1,125.7022174,0.109077207,2.941,0.972,0.003,0.004
100a.1,127.5571376,0.107989155,2.945,1.008,0.003,0.004
100a.1,129.4231394,0.106901103,2.947,1.014,0.003,0.003
100a.1,131.2970349,0.105813051,2.95,1.047,0.003,0.003
100a.1,133.1785497,0.104997012,2.952,1.04,0.003,0.003
100a.1,135.0643256,0.10390896,2.953,1.093,0.003,0.003
100a.1,136.9519254,0.102820908,2.955,1.085,0.003,0.003
100a.1,138.8388368,0.102004869,2.956,1.12,0.003,0.003
100a.1,140.7224776,0.100916817,2.957,1.134,0.003,0.003
100a.1,142.6002009,0.100100778,2.957,1.101,0.003,0.003
100a.1,141.6592468,0.099012726,2.958,1.206,0.003,0.003
100a.1,142.5972009,0.098196687,2.958,1.182,0.004,0.003
100a.1,143.532,0,2.958,1.142,0.027,0.003
100a.1,144.4643006,0,2.958,1.149,0.058,0.003
100a.1,145.3937563,0,2.958,1.17,0.082,0.003
100a.1,146.3210176,0,2.958,1.187,0.1,0.003
100a.1,147.2437324,0,2.958,1.194,0.115,0.003
100a.1,148.1625461,0,2.957,1.198,0.126,0.003
100a.1,149.0781017,0,2.957,1.167,0.135,0.003
100a.1,149.9880404,0,2.957,1.283,0.143,0.003
100a.1,150.8940013,0,2.956,1.262,0.151,0.003
100a.1,151.7936221,0,2.956,1.213,0.158,0.003
100a.1,152.688539,0,2.955,1.215,0.164,0.003
100a.1,153.5763871,0,2.954,1.216,0.171,0.003
100a.1,154.4588008,0,2.954,1.242,0.177,0.003
100a.1,155.3334137,0,2.953,1.259,0.183,0.003
100a.1,156.2018591,0,2.952,1.265,0.189,0.003
100a.1,157.0627701,0,2.952,1.267,0.194,0.003
100a.1,157.9147802,0,2.951,1.274,0.199,0.003
100a.1,158.7595229,0,2.95,1.277,0.204,0.003
100a.1,159.5956328,0,2.949,1.151,0.209,0.003
100a.1,160.4227451,0,2.948,1.148,0.214,0.003
100a.1,161.2404964,0,2.948,1.401,0.219,0.003
100a.1,162.0485247,0,2.947,1.376,0.223,0.003
100a.1,162.8454698,0,2.946,1.414,0.227,0.003
100a.1,163.6329733,0,2.945,1.389,0.232,0.003
100a.1,164.4096794,0,2.944,1.427,0.236,0.003
100a.1,165.1752347,0,2.943,1.401,0.241,0.003
100a.1,165.9292886,0,2.942,1.44,0.245,0.003
100a.1,166.6714937,0,2.941,1.413,0.249,0.003
100a.1,167.4015058,0,2.94,1.452,0.253,0.003
100a.1,168.1189847,0,2.939,1.425,0.257,0.003
100a.1,168.8245938,0,2.938,1.464,0.26,0.003
100a.1,169.5160007,0,2.937,1.437,0.264,0.003
100a.1,170.1938777,0,2.936,1.477,0.267,0.003
100a.1,170.8579016,0,2.936,1.447,0.271,0.003
100a.1,171.5077544,0,2.935,1.482,0.273,0.003
100a.1,172.143123,0,2.934,1.458,0.276,0.003
100a.1,172.7637002,0,2.933,1.393,0.279,0.003
100a.1,173.3701843,0,2.932,1.365,0.282,0.003
100a.1,173.9602798,0,2.931,1.383,0.285,0.003
100a.1,174.5346973,0,2.93,1.396,0.288,0.003
100a.1,175.094154,0,2.929,1.396,0.291,0.003
100a.1,175.6363737,0,2.928,1.366,0.294,0.003
100a.1,176.1620875,0,2.927,1.322,0.297,0.003
100a.1,176.6710334,0,2.926,1.483,0.3,0.003
100a.1,177.1639569,0,2.926,1.476,0.303,0.003
100a.1,177.6386113,0,2.925,1.409,0.306,0.003
100a.1,178.0967575,0,2.924,1.396,0.308,0.003
100a.1,178.5361648,0,2.923,1.414,0.311,0.003
100a.1,178.9576105,0,2.922,1.422,0.314,0.003
100a.1,179.3618804,0,2.921,1.421,0.316,0.003
100a.1,179.7467692,0,2.921,1.36,0.318,0.003
100a.1,180.1140802,0,2.92,1.386,0.321,0.003
100a.1,180.4616257,0,2.919,1.517,0.323,0.003
100a.1,180.7912273,0,2.918,1.488,0.325,0.003
100a.1,181.1007157,0,2.918,1.423,0.328,0.003
100a.1,181.3919315,0,2.917,1.419,0.33,0.003
100a.1,181.6627245,0,2.917,1.436,0.332,0.003
100a.1,181.9149545,0,2.916,1.443,0.333,0.003
100a.1,182.1464911,0,2.915,1.432,0.335,0.003
100a.1,182.3592138,0,2.915,1.343,0.337,0.003
100a.1,182.5510125,0,2.914,1.426,0.338,0.003
100a.1,182.7237869,0,2.914,1.545,0.34,0.003
100a.1,182.8754472,0,2.913,1.484,0.342,0.003
100a.1,183.0079142,0,2.913,1.434,0.344,0.003
100a.1,183.1191187,0,2.912,1.436,0.346,0.002
100a.1,183.2110023,0,2.912,1.448,0.347,0.002
100a.1,183.2825171,0,2.912,1.451,0.349,0.002
100a.1,183.3326258,0,2.911,1.444,0.35,0.002
100a.1,183.3633017,0,2.911,1.325,0.351,0.002
100a.1,183.3725288,0,2.911,1.447,0.353,0.002
100a.1,183.3623017,0,2.91,1.556,0.354,0.002
100a.1,183.3316258,0,2.91,1.486,0.356,0.002
100a.1,183.2795171,0,2.91,1.433,0.357,0.002
100a.1,183.2080023,0,2.91,1.436,0.358,0.002
100a.1,183.1161187,0,2.91,1.449,0.359,0.002
100a.1,183.0029142,0,2.909,1.45,0.36,0.002
100a.1,182.8704472,0,2.909,1.443,0.36,0.002
100a.1,182.7177869,0,2.909,1.306,0.361,0.002
100a.1,182.5440125,0,2.909,1.459,0.362,0.002
100a.1,182.3512138,0,2.909,1.552,0.363,0.002
100a.1,182.1384911,0,2.909,1.476,0.363,0.002
100a.1,181.9059545,0,2.909,1.422,0.364,0.002
100a.1,181.6527245,0,2.91,1.426,0.365,0.002
100a.1,181.3809315,0,2.91,1.438,0.365,0.002
100a.1,181.0897157,0,2.91,1.437,0.365,0.002
100a.1,180.7782273,0,2.91,1.429,0.365,0.002
100a.1,180.4486257,0,2.91,1.293,0.365,0.002
100a.1,180.1000802,0,2.911,1.448,0.365,0.002
100a.1,179.7327692,0,2.911,1.532,0.366,0.002
100a.1,179.3458804,0,2.911,1.454,0.366,0.002
100a.1,178.9416105,0,2.912,1.402,0.366,0.002
100a.1,178.5191648,0,2.912,1.4,0.366,0.002
100a.1,178.0787575,0,2.912,1.415,0.366,0.002
100a.1,177.6206113,0,2.913,1.409,0.365,0.002
100a.1,177.1439569,0,2.913,1.409,0.365,0.002
100a.1,176.6510334,0,2.914,1.453,0.365,0.002
100a.1,176.1410875,0,2.914,1.385,0.365,0.002
100a.1,175.6143737,0,2.915,1.395,0.364,0.002
100a.1,175.070154,0,2.915,1.38,0.363,0.002
100a.1,174.5106973,0,2.916,1.444,0.363,0.002
100a.1,173.9352798,0,2.917,1.375,0.363,0.002
100a.1,173.3441843,0,2.917,1.378,0.362,0.002
100a.1,172.7377002,0,2.918,1.296,0.361,0.002
100a.1,172.115123,0,2.919,1.326,0.359,0.002
100a.1,171.4787544,0,2.919,1.461,0.359,0.013
100a.1,170.8279016,0,2.92,1.388,0.358,0.029
100a.1,170.1628777,0,2.921,1.344,0.358,0.038
100a.1,169.4840007,0,2.922,1.355,0.357,0.043
100a.1,168.7915938,0,2.922,1.353,0.356,0.046
100a.1,168.0849847,0,2.923,1.332,0.355,0.05
100a.1,167.3665058,0,2.924,1.422,0.354,0.054
100a.1,166.6354937,0,2.925,1.337,0.353,0.057
100a.1,165.8922886,0,2.926,1.324,0.352,0.06
100a.1,165.1372347,0,2.926,1.299,0.35,0.064
100a.1,164.3706794,0,2.927,1.307,0.349,0.071
100a.1,163.5919733,0,2.928,1.395,0.348,0.08
100a.1,162.8034698,0,2.929,1.337,0.347,0.09
100a.1,162.0045247,0,2.93,1.287,0.345,0.098
100a.1,161.1954964,0,2.931,1.283,0.344,0.106
100a.1,160.3767451,0,2.932,1.29,0.343,0.113
100a.1,159.5486328,0,2.933,1.288,0.341,0.12
100a.1,158.7115229,0,2.934,1.279,0.339,0.125
100a.1,157.8647802,0,2.935,1.243,0.338,0.131
100a.1,157.0107701,0,2.936,1.227,0.336,0.135
100a.1,156.1488591,0,2.937,1.335,0.335,0.139
100a.1,155.2794137,0,2.938,1.285,0.334,0.143
100a.1,154.4028008,0,2.939,1.23,0.332,0.147
100a.1,153.5193871,0,2.94,1.221,0.331,0.149
100a.1,152.629539,0,2.941,1.227,0.329,0.152
100a.1,151.7336221,0,2.941,1.229,0.327,0.155
100a.1,150.8310013,0,2.942,1.22,0.325,0.157
100a.1,149.9240404,0,2.943,1.208,0.323,0.159
100a.1,149.0121017,0,2.944,1.199,0.321,0.16
100a.1,148.0955461,0,2.945,1.121,0.32,0.162
100a.1,147.1747324,0,2.946,1.084,0.319,0.163
100a.1,146.2500176,0,2.947,1.074,0.317,0.164
100a.1,145.3217563,0,2.948,1.097,0.315,0.165
100a.1,144.3903006,0,2.949,1.244,0.313,0.166
100a.1,143.456,0,2.95,1.04,0.311,0.167
100a.1,142.5182009,0,2.951,1.147,0.307,0.167
100a.1,141.5792468,0,2.952,1.061,0.307,0.168
100a.1,140.6384776,0,2.952,1.132,0.303,0.168
100a.1,139.69623,0,2.953,1.123,0.302,0.169
100a.1,138.7528368,0,2.954,1.118,0.299,0.169
100a.1,137.8086269,0,2.955,1.108,0.297,0.169
100a.1,136.8639254,0,2.956,1.04,0.295,0.169
100a.1,135.9190528,0,2.956,1.09,0.292,0.169
100a.1,134.9743256,0,2.957,1.081,0.29,0.169
100a.1,134.0300555,0,2.958,1.072,0.288,0.169
100a.1,133.0865497,0,2.959,1.076,0.287,0.169
100a.1,132.1431104,0,2.959,1.032,0.284,0.169
100a.1,131.2020349,0,2.96,1.045,0.281,0.169
100a.1,130.2626156,0,2.96,1.046,0.279,0.168
100a.1,129.3251394,0,2.961,1.037,0.277,0.168
100a.1,128.389888,0,2.962,0.974,0.274,0.168
100a.1,127.4571376,0,2.962,1.06,0.272,0.167
100a.1,126.5271591,0,2.963,1.002,0.268,0.167
100a.1,125.6002174,0,2.963,0.987,0.266,0.167
100a.1,124.676572,0,2.964,0.978,0.264,0.166
100a.1,123.7564764,0,2.964,0.981,0.262,0.166
100a.1,122.8401782,0,2.964,0.92,0.259,0.165
100a.1,121.9279191,0,2.965,0.992,0.256,0.164
100a.1,121.0199349,0,2.965,0.924,0.253,0.164
100a.1,120.1154552,0,2.965,0.951,0.25,0.163
100a.1,119.2167034,0,2.965,0.903,0.248,0.162
100a.1,118.3228968,0,2.966,0.887,0.245,0.162
100a.1,117.4342466,0,2.966,0.893,0.243,0.161
100a.1,116.5509577,0,2.966,0.896,0.24,0.16
100a.1,115.6732287,0,2.966,0.88,0.237,0.16
100a.1,114.8012518,0,2.966,0.84,0.234,0.159
100a.1,113.9352132,0,2.966,0.84,0.232,0.158
100a.1,113.0752925,0,2.966,0.816,0.229,0.157
100a.1,112.2216632,0,2.966,0.82,0.226,0.156
100a.1,111.3744924,0,2.966,0.809,0.223,0.155
100a.1,110.5339409,0,2.965,0.814,0.221,0.155
100a.1,109.7001633,0,2.965,0.792,0.218,0.154
100a.1,108.8733078,0,2.965,0.774,0.215,0.153
100a.1,108.0535165,0,2.965,0.769,0.212,0.152
100a.1,107.2409252,0,2.964,0.755,0.209,0.151
100a.1,106.4346636,0,2.964,0.74,0.207,0.15
100a.1,105.6368552,0,2.963,0.724,0.204,0.149
100a.1,104.8466174,0,2.963,0.709,0.201,0.148
100a.1,104.0640617,0,2.962,0.693,0.199,0.147
100a.1,103.2892934,0,2.961,0.676,0.196,0.146
100a.1,102.5224121,0,2.961,0.659,0.193,0.145
100a.1,101.7635112,0,2.96,0.642,0.191,0.144
100a.1,101.0126785,0,2.959,0.624,0.188,0.143
100a.1,100.2699962,0,2.958,0.606,0.186,0.142
100a.1,99.53554045,0,2.957,0.587,0.184,0.141
100a.1,98.80938209,0,2.956,0.568,0.181,0.14
100a.1,98.09158634,0,2.955,0.548,0.179,0.139
100a.1,97.38221294,0,2.953,0.527,0.177,0.138
100a.1,96.68131632,0,2.952,0.505,0.174,0.137
100a.1,95.98894559,0,2.951,0.482,0.172,0.136
100a.1,95.3051447,0,2.949,0.458,0.17,0.134
100a.1,94.62995246,0,2.948,0.434,0.168,0.133
100a.1,93.9634027,0,2.946,0.408,0.166,0.132
100a.1,93.30552431,0,2.944,0.381,0.164,0.131
100a.1,92.65634139,0,2.942,0.354,0.162,0.13
100a.1,92.01487328,0,2.94,0.325,0.16,0.129
100a.1,91.3831347,0,2.938,0.296,0.158,0.128
100a.1,90.76013587,0,2.936,0.265,0.156,0.127
100a.1,90.14588255,0,2.934,0.233,0.154,0.126
100a.1,89.54037621,0,2.931,0.2,0.152,0.125
100a.1,88.94361407,0,2.929,0.167,0.15,0.124
100a.1,88.35558926,0,2.926,0.136,0.149,0.123
100a.1,87.7762909,0,2.923,0.106,0.147,0.122
100a.1,87.20570418,0,2.92,0.075,0.145,0.121
100a.1,86.64381053,0,2.917,0.042,0.144,0.12
100a.1,86.09058766,0,2.913,0.009,0.142,0.119
100a.1,85.5460097,0,2.91,0,0.141,0.118
100a.1,85.01004731,0,2.906,0,0.139,0.117
100a.1,84.48266778,0,2.902,0,0.138,0.116
100a.1,83.96383512,0,2.897,0,0.136,0.115
100a.1,83.45351019,0,2.893,0,0.135,0.114
100a.1,82.9516508,0,2.888,0,0.133,0.113
100a.1,82.4582118,0,2.883,0,0.132,0.112
100a.1,81.97314522,0,2.878,0,0.131,0.111
100a.1,81.49640031,0,2.872,0,0.129,0.11
100a.1,81.02792373,0,2.867,0,0.128,0.109
100a.1,80.56765959,0,2.861,0,0.127,0.108
100a.1,80.11554956,0,2.855,0,0.125,0.107
100a.1,79.67153298,0,2.849,0,0.124,0.106
100a.1,79.23554698,0,2.843,0,0.123,0.106
100a.1,78.80752654,0,2.836,0,0.122,0.105
100a.1,78.38740461,0,2.83,0,0.121,0.104
100a.1,77.97511222,0,2.823,0,0.119,0.103
100a.1,77.56957853,0,2.817,0,0.118,0.102
100a.1,77.17273098,0,2.81,0,0.117,0.101
100a.1,76.78349534,0,2.803,0,0.116,0.1
100a.1,76.40179581,0,2.797,0,0.115,0.1
100a.1,76.02755513,0,2.79,0,0.114,0.099
100a.1,75.66069465,0,2.783,0,0.113,0.098
100a.1,75.30113442,0,2.777,0,0.112,0.097
100a.1,74.94879327,0,2.77,0,0.111,0.097
100a.1,74.60358891,0,2.763,0,0.11,0.096
100a.1,74.265438,0,2.757,0,0.109,0.095
100a.1,73.93425622,0,2.75,0,0.108,0.094
100a.1,73.60995837,0,2.744,0,0.107,0.094
100a.1,73.29245844,0,2.737,0,0.106,0.093
100a.1,72.98166969,0,2.731,0,0.105,0.092
100a.1,72.67750468,0,2.724,0,0.104,0.092
100a.1,72.37987543,0,2.718,0,0.103,0.091
100a.1,72.08869339,0,2.712,0,0.102,0.09
100a.1,71.80386959,0,2.705,0,0.101,0.09
100a.1,71.52531466,0,2.699,0,0.101,0.089
100a.1,71.25293891,0,2.693,0,0.1,0.088
100a.1,70.9866524,0,2.687,0,0.099,0.088
100a.1,70.72636497,0,2.681,0,0.098,0.087
100a.1,70.47198635,0,2.676,0,0.097,0.086
100a.1,70.22342617,0,2.67,0,0.096,0.086
100a.1,69.98059405,0,2.664,0,0.096,0.085
100a.1,69.74339963,0,2.659,0,0.095,0.084
100a.1,69.51175265,0,2.653,0,0.094,0.084
100a.1,69.28556298,0,2.648,0,0.093,0.083
100a.1,69.06474065,0,2.642,0,0.093,0.083
100a.1,68.84919597,0,2.637,0,0.092,0.082
100a.1,68.63883949,0,2.632,0,0.091,0.082
100a.1,68.4335821,0,2.626,0,0.09,0.081
100a.1,68.23333505,0,2.621,0,0.09,0.08
100a.1,68.03801,0,2.616,0,0.089,0.08
100a.1,67.84751906,0,2.611,0,0.088,0.079
100a.1,67.66177481,0,2.606,0,0.088,0.079
100a.1,67.48069039,0,2.601,0,0.087,0.078
100a.1,67.30417945,0,2.596,0,0.086,0.078
100a.1,67.13215626,0,2.592,0,0.086,0.077
100a.1,66.9645357,0,2.587,0,0.085,0.077
100a.1,66.80123332,0,2.583,0,0.084,0.076
100a.1,66.64216532,0,2.578,0,0.084,0.076
100a.1,66.48624864,0,2.574,0,0.083,0.075
100a.1,66.33540094,0,2.569,0,0.082,0.075
100a.1,66.18854065,0,2.565,0,0.082,0.074
100a.1,66.04558698,0,2.561,0,0.081,0.074
100a.1,65.90645995,0,2.557,0,0.081,0.073
100a.1,65.77108041,0,2.553,0,0.08,0.073
100a.1,65.63937005,0,2.549,0,0.079,0.072
100a.1,65.51125142,0,2.545,0,0.079,0.072
100a.1,65.38664798,0,2.542,0,0.078,0.072
100a.1,65.26548407,0,2.538,0,0.078,0.071
100a.1,65.14768495,0,2.534,0,0.077,0.071
100a.1,65.0331768,0,2.531,0,0.076,0.07
100a.1,64.92188675,0,2.527,0,0.076,0.07
100a.1,64.81374288,0,2.524,0,0.075,0.069
100a.1,64.70867424,0,2.521,0,0.075,0.069
100a.1,64.60661085,0,2.517,0,0.074,0.069
100a.1,64.50748369,0,2.514,0,0.074,0.068
100a.1,61.62368314,0,2.511,0,0.073,0.068
100a.2,39.76323,0,1.289,0,0,0
100a.2,40.21193808,0.0984687,1.288,0,0,0
100a.2,41.1302758,0.099828765,1.288,0,0,0
100a.2,42.05979812,0.10118883,1.288,0,0,0
100a.2,42.96645375,0.102548895,1.288,0,0,0
100a.2,43.85719321,0.104180973,1.288,0,0,0
100a.2,44.74496876,0.105541038,1.289,0,0,0
100a.2,45.63273431,0.107173116,1.29,0,0,0
100a.2,46.52244536,0.108805194,1.291,0,0,0
100a.2,47.41405888,0.110709285,1.293,0,0,0
100a.2,48.3075333,0.112341363,1.295,0,0,0
100a.2,49.20382839,0.114245454,1.298,0,0,0
100a.2,50.10290525,0.116149544,1.301,0,0,0
100a.2,51.00572621,0.118053635,1.304,0,0,0
100a.2,51.9112548,0.120229739,1.308,0,0,0
100a.2,52.82245569,0.122405843,1.312,0,0,0
100a.2,53.73729464,0.124581947,1.317,0,0,0
100a.2,54.65773847,0.126758051,1.322,0,0,0
100a.2,55.58575499,0.129206168,1.327,0,0,0
100a.2,56.521313,0.131926298,1.333,0,0,0
100a.2,57.4673822,0.134646427,1.34,0,0,0
100a.2,58.4269332,0.137366557,1.346,0,0,0
100a.2,59.40393745,0.1403587,1.353,0,0,0
100a.2,60.40436723,0.143350843,1.36,0,0,0
100a.2,61.43819563,0.146887012,1.367,0,0,0
100a.2,62.52439646,0.150151168,1.375,0,0,0
100a.2,63.69494432,0.153959349,1.383,0,0,0
100a.2,65.02181446,0.157767531,1.391,0,0,0
100a.2,66.70298286,0.161847726,1.4,0,0,0
100a.2,69.66842612,0.166199934,1.409,0,0,0
100a.2,76.73412152,0.170824154,1.419,0,0,0
100a.2,83.3950469,0.175992401,1.429,0,0.001,0.001
100a.2,82.57718073,0.181160648,1.441,0,0.002,0.002
100a.2,79.17850204,0.18687292,1.456,0,0.002,0.002
100a.2,77.0019904,0.193129219,1.472,0,0.002,0.002
100a.2,75.89862594,0.199657531,1.49,0,0.003,0.003
100a.2,75.51038929,0.207001881,1.508,0,0.003,0.003
100a.2,75.55626158,0.214890258,1.525,0,0.003,0.003
100a.2,75.86322441,0.22332266,1.541,0,0.004,0.003
100a.2,76.32225989,0.232843115,1.556,0,0.004,0.003
100a.2,76.90835054,0.243179608,1.57,0,0.004,0.004
100a.2,77.56547933,0.254604154,1.583,0,0.004,0.004
100a.2,78.26762968,0.267660777,1.595,0,0.004,0.004
100a.2,79.00278538,0.282077465,1.606,0,0.005,0.004
100a.2,79.76093067,0.298398244,1.618,0,0.005,0.004
100a.2,80.53705013,0.31716714,1.628,0,0.005,0.004
100a.2,81.32712874,0.338928179,1.639,0,0.005,0.005
100a.2,82.12915185,0.364497399,1.649,0,0.005,0.005
100a.2,82.94010515,0.394690841,1.66,0,0.005,0.005
100a.2,83.75897469,0.431412594,1.67,0,0.005,0.005
100a.2,84.58474684,0.476566749,1.68,0,0.005,0.005
100a.2,85.41540829,0.534233502,1.69,0,0.005,0.005
100a.2,86.25094607,0.609853112,1.7,0,0.005,0.005
100a.2,87.0903475,0.714034085,1.71,0,0.005,0.005
100a.2,87.93360019,0.866633369,1.72,0,0.005,0.005
100a.2,88.77969205,1.111445055,1.73,0,0.005,0.006
100a.2,89.62861128,1.564890701,1.739,0,0.005,0.006
100a.2,90.47934634,2.66763134,1.749,0,0.005,0.006
100a.2,91.33288596,5.921722675,1.759,0,0.006,0.006
100a.2,92.18721914,3.923243277,1.769,0,0.006,0.006
100a.2,93.04433511,2.348016083,1.779,0,0.006,0.006
100a.2,93.90222337,1.665807518,1.788,0,0.006,0.006
100a.2,94.76187366,1.291517651,1.798,0,0.006,0.006
100a.2,95.62327592,1.057042458,1.808,0,0.006,0.006
100a.2,96.48542036,0.897098823,1.819,0,0.006,0.006
100a.2,97.34829738,0.780949279,1.829,0,0.006,0.006
100a.2,98.21289761,0.693089085,1.839,0,0.006,0.006
100a.2,99.07821189,0.6242698,1.849,0,0.006,0.006
100a.2,99.94523127,0.568779151,1.859,0,0.006,0.006
100a.2,100.811947,0.523080969,1.87,0,0.006,0.006
100a.2,101.6803505,0.484999152,1.88,0,0.006,0.006
100a.2,102.5494334,0.452629606,1.89,0,0.006,0.006
100a.2,103.4191875,0.424612269,1.901,0,0.006,0.006
100a.2,104.2286048,0.4001311,1.911,0,0.006,0.006
100a.2,104.9096775,0.378642075,1.921,0,0.006,0.006
100a.2,105.5673979,0.359873179,1.932,0,0.005,0.006
100a.2,106.3227586,0.342736361,1.942,0,0.005,0.006
100a.2,107.1517522,0.327503633,1.952,0,0.005,0.006
100a.2,108.0113716,0.313902984,1.962,0,0.005,0.006
100a.2,108.8836097,0.301390387,1.972,0,0.005,0.006
100a.2,109.7614597,0.289965842,1.982,0,0.005,0.006
100a.2,110.6409149,0.279357335,1.992,0,0.005,0.006
100a.2,111.5219687,0.269836881,2.002,0,0.005,0.006
100a.2,112.4036147,0.260860452,2.012,0,0.005,0.005
100a.2,113.2838467,0.252700063,2.022,0,0.005,0.005
100a.2,114.1636585,0.245083699,2.031,0,0.005,0.005
100a.2,115.0430441,0.237739349,2.041,0,0.005,0.005
100a.2,115.9219976,0.231211037,2.05,0,0.005,0.005
100a.2,116.7995133,0.224954738,2.059,0,0.004,0.005
100a.2,117.6765856,0.218970453,2.069,0,0.004,0.005
100a.2,118.5522089,0.213530193,2.078,0,0.004,0.005
100a.2,119.4273779,0.208089933,2.088,0,0.004,0.005
100a.2,120.3020872,0.2031937,2.097,0,0.004,0.005
100a.2,121.1753318,0.198569479,2.107,0,0.004,0.005
100a.2,122.0481067,0.194217271,2.116,0,0.004,0.005
100a.2,122.9204068,0.189865063,2.126,0,0.004,0.005
100a.2,122.9326635,0.186056881,2.135,0,0.004,0.005
100a.2,122.4872542,0.1822487,2.145,0,0.004,0.005
100a.2,122.7667305,0.178440518,2.154,0,0.004,0.005
100a.2,122.8243707,0.174904349,2.163,0,0.004,0.005
100a.2,122.9953161,0.171640193,2.171,0,0.004,0.005
100a.2,123.2571056,0.16864805,2.179,0,0.004,0.005
100a.2,123.6526576,0.165383895,2.187,0,0.004,0.005
100a.2,123.822842,0.162663765,2.194,0,0.004,0.004
100a.2,124.0657,0.159671622,2.201,0,0.004,0.004
100a.2,124.1916582,0.157223505,2.208,0,0.004,0.004
100a.2,125.3109143,0.154503375,2.215,0,0.004,0.004
100a.2,126.9007113,0.152055258,2.221,0,0.004,0.004
100a.2,128.5414123,0.149607142,2.227,0,0.004,0.004
100a.2,130.2333003,0.147431038,2.234,0,0.004,0.004
100a.2,131.9765717,0.144982921,2.24,0,0.004,0.004
100a.2,133.7703307,0.14307883,2.248,0,0.004,0.004
100a.2,135.6155848,0.140902726,2.255,0,0.004,0.004
100a.2,137.5132396,0.138998635,2.263,0,0.004,0.004
100a.2,139.461094,0.136822531,2.272,0,0.003,0.004
100a.2,141.4598359,0.13491844,2.282,0,0.003,0.004
100a.2,143.509037,0.133286362,2.292,0,0.003,0.004
100a.2,145.6071492,0.131382272,2.302,0,0.003,0.004
100a.2,147.7554998,0.129750194,2.313,0,0.003,0.004
100a.2,149.952288,0.128118116,2.325,0,0.003,0.004
100a.2,152.1965807,0.126486038,2.337,0,0.003,0.004
100a.2,154.48731,0.12485396,2.349,0,0.003,0.004
100a.2,156.8222691,0.123493895,2.362,0,0.003,0.004
100a.2,159.2021104,0.121861817,2.375,0,0.003,0.004
100a.2,161.6243428,0.120501752,2.389,0,0.003,0.004
100a.2,164.0863297,0.119141687,2.403,0,0.003,0.004
100a.2,166.5882879,0.117781622,2.418,0,0.003,0.004
100a.2,169.127286,0.116421557,2.433,0,0.003,0.004
100a.2,171.7002444,0.115061492,2.449,0,0.003,0.004
100a.2,174.3069351,0.113973441,2.465,0,0.003,0.004
100a.2,176.9439819,0.112613376,2.481,0,0.003,0.004
100a.2,179.6078621,0.111525324,2.498,0,0.003,0.004
100a.2,182.2979073,0.110165259,2.516,0,0.003,0.004
100a.2,185.0103065,0.109077207,2.534,0,0.003,0.004
100a.2,187.7421084,0.107989155,2.552,0,0.003,0.004
100a.2,190.4902247,0.106901103,2.571,0,0.003,0.003
100a.2,193.2504348,0.105813051,2.59,0,0.003,0.003
100a.2,196.0213897,0.104997012,2.61,0,0.003,0.003
100a.2,198.7986181,0.10390896,2.63,0,0.003,0.003
100a.2,201.5785316,0.102820908,2.65,0,0.003,0.003
100a.2,204.3574317,0.102004869,2.67,0,0.003,0.003
100a.2,207.1315167,0.100916817,2.69,0.093,0.003,0.003
100a.2,209.8968899,0.100100778,2.71,0.183,0.003,0.003
100a.2,208.5125393,0.099012726,2.729,0.22,0.003,0.003
100a.2,209.8938899,0.098196687,2.748,0.257,0.003,0.003
100a.2,211.2710676,0,2.766,0.304,0.003,0.003
100a.2,212.6445671,0,2.783,0.348,0.003,0.003
100a.2,214.0138782,0,2.798,0.388,0.003,0.003
100a.2,215.3794865,0,2.812,0.426,0.003,0.003
100a.2,216.7388735,0,2.825,0.46,0.003,0.003
100a.2,218.0925172,0,2.837,0.491,0.003,0.003
100a.2,219.4408921,0,2.849,0.519,0.003,0.003
100a.2,220.7814698,0,2.859,0.545,0.003,0.003
100a.2,222.1157191,0,2.869,0.569,0.003,0.003
100a.2,223.4411065,0,2.877,0.59,0.003,0.003
100a.2,224.7590966,0,2.885,0.61,0.003,0.003
100a.2,226.0671521,0,2.893,0.629,0.003,0.003
100a.2,227.3667346,0,2.9,0.647,0.003,0.003
100a.2,228.6553048,0,2.906,0.663,0.003,0.003
100a.2,229.9343229,0,2.911,0.679,0.003,0.003
100a.2,231.2022487,0,2.916,0.694,0.003,0.003
100a.2,232.4575425,0,2.921,0.707,0.003,0.003
100a.2,233.7016651,0,2.925,0.72,0.003,0.003
100a.2,234.933078,0,2.929,0.733,0.003,0.003
100a.2,236.1512446,0,2.933,0.744,0.003,0.003
100a.2,237.3556296,0,2.936,0.755,0.003,0.003
100a.2,238.5457002,0,2.939,0.765,0.003,0.003
100a.2,239.719926,0,2.941,0.776,0.003,0.003
100a.2,240.8797796,0,2.944,0.784,0.003,0.003
100a.2,242.0237369,0,2.946,0.797,0.003,0.003
100a.2,243.1512777,0,2.948,0.797,0.003,0.003
100a.2,244.2618859,0,2.949,0.791,0.003,0.003
100a.2,245.35505,0,2.951,0.789,0.003,0.003
100a.2,246.4302635,0,2.953,0.81,0.003,0.003
100a.2,247.487025,0,2.954,0.825,0.002,0.003
100a.2,248.5258394,0,2.955,0.835,0.002,0.003
100a.2,249.5442173,0,2.956,0.854,0.002,0.003
100a.2,250.5426761,0,2.957,0.851,0.002,0.003
100a.2,251.52074,0,2.958,0.858,0.002,0.003
100a.2,252.4779408,0,2.959,0.862,0.002,0.003
100a.2,253.4138178,0,2.96,0.868,0.002,0.003
100a.2,254.3279185,0,2.96,0.861,0.002,0.003
100a.2,255.2207987,0,2.961,0.874,0.002,0.003
100a.2,256.0900235,0,2.962,0.88,0.002,0.003
100a.2,256.9361667,0,2.962,0.892,0.002,0.003
100a.2,257.7598121,0,2.963,0.879,0.002,0.003
100a.2,258.5585531,0,2.963,0.894,0.002,0.003
100a.2,259.3329935,0,2.963,0.899,0.002,0.003
100a.2,260.0827479,0,2.964,0.915,0.002,0.003
100a.2,260.8084416,0,2.964,0.898,0.002,0.003
100a.2,261.5077112,0,2.964,0.911,0.002,0.003
100a.2,262.1822049,0,2.965,0.916,0.003,0.003
100a.2,262.8295829,0,2.965,0.937,0.01,0.003
100a.2,263.4505175,0,2.965,0.91,0.021,0.003
100a.2,264.0456933,0,2.965,0.926,0.032,0.003
100a.2,264.6128079,0,2.965,0.931,0.043,0.003
100a.2,265.1535718,0,2.966,0.951,0.053,0.003
100a.2,265.6657087,0,2.966,0.92,0.062,0.003
100a.2,266.1509559,0,2.966,0.937,0.069,0.003
100a.2,266.6070645,0,2.966,0.942,0.075,0.003
100a.2,267.0357992,0,2.966,0.962,0.08,0.003
100a.2,267.4349393,0,2.966,0.93,0.085,0.003
100a.2,267.8062783,0,2.966,0.948,0.089,0.003
100a.2,268.1476241,0,2.966,0.95,0.092,0.003
100a.2,268.4607996,0,2.966,0.969,0.096,0.003
100a.2,268.7436423,0,2.966,0.938,0.099,0.003
100a.2,268.9980048,0,2.966,0.953,0.102,0.003
100a.2,269.2217551,0,2.966,0.956,0.104,0.003
100a.2,269.416776,0,2.966,0.971,0.107,0.003
100a.2,269.5809662,0,2.966,0.945,0.109,0.002
100a.2,269.7162394,0,2.966,0.957,0.111,0.002
100a.2,269.8215252,0,2.967,0.959,0.114,0.002
100a.2,269.8957686,0,2.967,0.944,0.116,0.002
100a.2,269.9409304,0,2.967,0.991,0.118,0.002
100a.2,269.9549869,0,2.967,0.973,0.12,0.002
100a.2,269.9399304,0,2.967,0.937,0.122,0.002
100a.2,269.8947686,0,2.967,0.939,0.124,0.002
100a.2,269.8185252,0,2.967,0.955,0.126,0.002
100a.2,269.7132394,0,2.967,0.962,0.127,0.002
100a.2,269.5779662,0,2.967,0.959,0.129,0.002
100a.2,269.411776,0,2.967,0.954,0.13,0.002
100a.2,269.2167551,0,2.967,0.937,0.131,0.002
100a.2,268.9920048,0,2.967,0.986,0.132,0.002
100a.2,268.7366423,0,2.967,0.968,0.133,0.002
100a.2,268.4527996,0,2.967,0.929,0.135,0.002
100a.2,268.1396241,0,2.967,0.93,0.136,0.002
100a.2,267.7972783,0,2.967,0.945,0.136,0.002
100a.2,267.4249393,0,2.967,0.951,0.137,0.002
100a.2,267.0247992,0,2.967,0.946,0.138,0.002
100a.2,266.5960645,0,2.967,0.939,0.139,0.002
100a.2,266.1379559,0,2.967,0.922,0.14,0.002
100a.2,265.6527087,0,2.967,0.966,0.14,0.002
100a.2,265.1395718,0,2.967,0.949,0.141,0.002
100a.2,264.5988079,0,2.967,0.91,0.142,0.002
100a.2,264.0296933,0,2.967,0.906,0.142,0.002
100a.2,263.4345175,0,2.967,0.921,0.142,0.002
100a.2,262.8125829,0,2.967,0.927,0.143,0.002
100a.2,262.1642049,0,2.967,0.92,0.143,0.002
100a.2,261.4897112,0,2.967,0.911,0.143,0.002
100a.2,260.7884416,0,2.967,0.897,0.144,0.002
100a.2,260.0627479,0,2.967,0.928,0.144,0.002
100a.2,259.3119935,0,2.967,0.913,0.144,0.002
100a.2,258.5365531,0,2.967,0.88,0.144,0.002
100a.2,257.7358121,0,2.967,0.874,0.144,0.002
100a.2,256.9121667,0,2.967,0.886,0.143,0.002
100a.2,256.0650235,0,2.967,0.885,0.143,0.002
100a.2,255.1947987,0,2.967,0.89,0.143,0.002
100a.2,254.3019185,0,2.967,0.864,0.143,0.002
100a.2,253.3858178,0,2.967,0.868,0.142,0.002
100a.2,252.4489408,0,2.967,0.864,0.142,0.002
100a.2,251.49074,0,2.966,0.861,0.141,0.002
100a.2,250.5116761,0,2.966,0.842,0.141,0.002
100a.2,249.5122173,0,2.966,0.844,0.14,0.002
100a.2,248.4928394,0,2.966,0.841,0.14,0.002
100a.2,247.453025,0,2.966,0.834,0.139,0.002
100a.2,246.3952635,0,2.966,0.82,0.138,0.002
100a.2,245.31905,0,2.966,0.818,0.137,0.002
100a.2,244.2248859,0,2.966,0.815,0.136,0.002
100a.2,243.1132777,0,2.965,0.805,0.135,0.002
100a.2,241.9847369,0,2.965,0.795,0.134,0.002
100a.2,240.8387796,0,2.965,0.792,0.133,0.002
100a.2,239.677926,0,2.965,0.78,0.132,0.002
100a.2,238.5017002,0,2.965,0.775,0.131,0.002
100a.2,237.3106296,0,2.964,0.771,0.13,0.002
100a.2,236.1052446,0,2.964,0.762,0.129,0.002
100a.2,234.886078,0,2.964,0.75,0.128,0.002
100a.2,233.6536651,0,2.963,0.743,0.127,0.002
100a.2,232.4075425,0,2.963,0.733,0.126,0.002
100a.2,231.1502487,0,2.963,0.722,0.124,0.002
100a.2,229.8813229,0,2.962,0.711,0.123,0.002
100a.2,228.6013048,0,2.962,0.7,0.122,0.002
100a.2,227.3107346,0,2.961,0.688,0.12,0.002
100a.2,226.0101521,0,2.961,0.676,0.119,0.002
100a.2,224.7000966,0,2.96,0.664,0.118,0.002
100a.2,223.3811065,0,2.959,0.65,0.117,0.002
100a.2,222.0527191,0,2.959,0.637,0.115,0.002
100a.2,220.7174698,0,2.958,0.622,0.114,0.002
100a.2,219.3748921,0,2.957,0.608,0.113,0.002
100a.2,218.0255172,0,2.957,0.592,0.111,0.002
100a.2,216.6698735,0,2.956,0.577,0.11,0.002
100a.2,215.3084865,0,2.955,0.56,0.108,0.002
100a.2,213.9418782,0,2.954,0.543,0.107,0.002
100a.2,212.5705671,0,2.953,0.525,0.106,0.002
100a.2,211.1950676,0,2.952,0.506,0.104,0.002
100a.2,209.8148899,0,2.951,0.486,0.103,0.002
100a.2,208.4325393,0,2.949,0.466,0.102,0.002
100a.2,207.0475167,0,2.948,0.444,0.1,0.002
100a.2,205.6603175,0,2.947,0.421,0.099,0.002
100a.2,204.2714317,0,2.945,0.397,0.097,0.002
100a.2,202.8813436,0,2.943,0.372,0.096,0.002
100a.2,201.4905316,0,2.942,0.345,0.095,0.002
100a.2,200.0994679,0,2.94,0.318,0.094,0.002
100a.2,198.7086181,0,2.938,0.289,0.092,0.002
100a.2,197.3184414,0,2.936,0.258,0.091,0.002
100a.2,195.9293897,0,2.934,0.227,0.09,0.002
100a.2,194.5409083,0,2.931,0.194,0.089,0.002
100a.2,193.1554348,0,2.929,0.159,0.088,0.002
100a.2,191.7723994,0,2.926,0.125,0.087,0.002
100a.2,190.3922247,0,2.924,0.093,0.086,0.002
100a.2,189.0153255,0,2.921,0.059,0.085,0.002
100a.2,187.6421084,0,2.917,0.023,0.084,0.002
100a.2,186.272972,0,2.914,0,0.083,0.002
100a.2,184.9083065,0,2.91,0,0.082,0.002
100a.2,183.5484939,0,2.906,0,0.081,0.002
100a.2,182.1939073,0,2.902,0,0.08,0.002
100a.2,180.8449114,0,2.897,0,0.079,0.002
100a.2,179.5018621,0,2.892,0,0.078,0.002
100a.2,178.1651062,0,2.887,0,0.077,0.002
100a.2,176.8339819,0,2.882,0,0.076,0.002
100a.2,175.5108182,0,2.876,0,0.076,0.002
100a.2,174.1949351,0,2.87,0,0.075,0.002
100a.2,172.8866433,0,2.863,0,0.074,0.002
100a.2,171.5862444,0,2.856,0,0.073,0.002
100a.2,170.294031,0,2.849,0,0.072,0.002
100a.2,169.010286,0,2.842,0,0.072,0.002
100a.2,167.7352834,0,2.835,0,0.071,0.002
100a.2,166.4692879,0,2.827,0,0.07,0.002
100a.2,165.2125546,0,2.819,0,0.069,0.002
100a.2,163.9653297,0,2.811,0,0.069,0.002
100a.2,162.7278499,0,2.803,0,0.068,0.002
100a.2,161.5003428,0,2.795,0,0.067,0.002
100a.2,160.2830266,0,2.786,0,0.066,0.002
100a.2,159.0761104,0,2.778,0,0.066,0.002
100a.2,157.8797943,0,2.769,0,0.065,0.002
100a.2,156.6932691,0,2.761,0,0.064,0.002
100a.2,155.5187167,0,2.752,0,0.064,0.002
100a.2,154.35531,0,2.743,0,0.063,0.002
100a.2,153.2032129,0,2.734,0,0.063,0.002
100a.2,152.0625807,0,2.725,0,0.062,0.002
100a.2,150.9335598,0,2.716,0,0.061,0.002
100a.2,149.816288,0,2.708,0,0.061,0.002
100a.2,148.7108944,0,2.699,0,0.06,0.002
100a.2,147.6174998,0,2.69,0,0.06,0.002
100a.2,146.5362167,0,2.681,0,0.059,0.002
100a.2,145.4671492,0,2.672,0,0.059,0.002
100a.2,144.4103933,0,2.663,0,0.058,0.002
100a.2,143.366037,0,2.654,0,0.058,0.002
100a.2,142.3341604,0,2.645,0,0.057,0.002
100a.2,141.3148359,0,2.636,0,0.056,0.002
100a.2,140.308128,0,2.627,0,0.056,0.002
100a.2,139.314094,0,2.618,0,0.056,0.002
100a.2,138.3327837,0,2.609,0,0.055,0.002
100a.2,137.3642396,0,2.6,0,0.055,0.002
100a.2,136.4084971,0,2.591,0,0.054,0.002
100a.2,135.4645848,0,2.582,0,0.054,0.002
100a.2,134.5345243,0,2.573,0,0.053,0.002
100a.2,133.6173307,0,2.564,0,0.053,0.002
100a.2,132.7130124,0,2.555,0,0.052,0.002
100a.2,131.8215717,0,2.546,0,0.052,0.002
100a.2,130.9430043,0,2.537,0,0.051,0.002
100a.2,130.0773003,0,2.528,0,0.051,0.002
100a.2,129.2244435,0,2.519,0,0.051,0.002
100a.2,128.3844123,0,2.51,0,0.05,0.002
100a.2,127.5571791,0,2.502,0,0.05,0.002
100a.2,126.7427113,0,2.493,0,0.049,0.002
100a.2,125.9409708,0,2.485,0,0.049,0.002
100a.2,125.1519143,0,2.476,0,0.049,0.002
100a.2,124.3754936,0,2.468,0,0.048,0.002
100a.2,123.6116559,0,2.46,0,0.048,0.002
100a.2,122.8603435,0,2.452,0,0.047,0.002
100a.2,122.1214942,0,2.444,0,0.047,0.002
100a.2,121.3950417,0,2.436,0,0.047,0.002
100a.2,120.6809151,0,2.428,0,0.046,0.002
100a.2,119.97904,0,2.42,0,0.046,0.002
100a.2,119.2893377,0,2.412,0,0.046,0.002
100a.2,118.611726,0,2.404,0,0.045,0.002
100a.2,117.9461189,0,2.397,0,0.045,0.002
100a.2,117.2924272,0,2.389,0,0.045,0.002
100a.2,116.6505582,0,2.382,0,0.044,0.002
100a.2,116.0204164,0,2.375,0,0.044,0.002
100a.2,115.401903,0,2.367,0,0.044,0.002
100a.2,114.7949164,0,2.36,0,0.043,0.002
100a.2,114.1983523,0,2.353,0,0.043,0.002
100a.2,113.6141039,0,2.346,0,0.043,0.002
100a.2,113.041062,0,2.339,0,0.042,0.002
100a.2,112.4791149,0,2.333,0,0.042,0.002
100a.2,111.928149,0,2.326,0,0.042,0.002
100a.2,111.3880483,0,2.319,0,0.041,0.002
100a.2,110.8586952,0,2.313,0,0.041,0.002
100a.2,110.3399702,0,2.306,0,0.041,0.002
100a.2,109.8317522,0,2.299,0,0.04,0.002
100a.2,109.3339184,0,2.293,0,0.04,0.002
100a.2,108.8463448,0,2.286,0,0.04,0.002
100a.2,108.3689058,0,2.28,0,0.04,0.002
100a.2,107.9014749,0,2.273,0,0.039,0.002
100a.2,107.4439243,0,2.267,0,0.039,0.002
100a.2,106.9961254,0,2.261,0,0.039,0.002
100a.2,106.5579486,0,2.254,0,0.038,0.002
100a.2,106.1292635,0,2.248,0,0.038,0.002
100a.2,105.7099392,0,2.242,0,0.038,0.002
100a.2,105.299844,0,2.237,0,0.038,0.002
100a.2,104.898846,0,2.231,0,0.037,0.002
100a.2,104.5068127,0,2.225,0,0.037,0.002
100a.2,104.1236114,0,2.22,0,0.037,0.002
100a.2,103.7491091,0,2.214,0,0.037,0.002
100a.2,103.383173,0,2.209,0,0.036,0.002
100a.2,103.0256698,0,2.204,0,0.036,0.002
100a.2,102.6764665,0,2.198,0,0.036,0.002
100a.2,102.3354304,0,2.193,0,0.036,0.002
100a.2,102.0024286,0,2.188,0,0.035,0.002
100a.2,101.6773287,0,2.183,0,0.035,0.002
100a.2,101.3599988,0,2.178,0,0.035,0.002
100a.2,101.050307,0,2.174,0,0.035,0.002
100a.2,100.7481222,0,2.169,0,0.034,0.002
100a.2,100.4533137,0,2.164,0,0.034,0.002
100a.2,100.1657516,0,2.16,0,0.034,0.002
100a.2,99.8853063,0,2.155,0,0.034,0.002
100a.2,99.61184923,0,2.151,0,0.034,0.002
100a.2,99.34525245,0,2.146,0,0.033,0.002
100a.2,99.08538887,0,2.142,0,0.033,0.002
100a.2,98.83213226,0,2.138,0,0.033,0.002
100a.2,98.58535731,0,2.134,0,0.033,0.002
100a.2,98.34493967,0,2.13,0,0.032,0.002
100a.2,98.110756,0,2.126,0,0.032,0.002
100a.2,97.881684,0,2.122,0,0.032,0.002
100a.2,97.65960245,0,2.118,0,0.032,0.002
100a.2,97.44339125,0,2.114,0,0.032,0.002
100a.2,97.23293148,0,2.111,0,0.031,0.002
100a.2,97.02810538,0,2.107,0,0.031,0.002
100a.2,96.82879641,0,2.104,0,0.031,0.002
100a.2,96.6348893,0,2.1,0,0.031,0.002
100a.2,96.44627003,0,2.097,0,0.031,0.002
100a.2,96.2628259,0,2.094,0,0.03,0.002
100a.2,96.08444552,0,2.091,0,0.03,0.002
100a.2,95.91101886,0,2.087,0,0.03,0.002
100a.2,95.74243725,0,2.084,0,0.03,0.002
100a.2,95.57859341,0,2.081,0,0.03,0.002
100a.2,95.41938145,0,2.078,0,0.03,0.002
100a.2,95.26469691,0,2.076,0,0.029,0.002
100a.2,95.11443677,0,2.073,0,0.029,0.002
100a.2,94.96849943,0,2.07,0,0.029,0.001
100a.2,90.72290002,0,2.067,0,0.029,0.001
100a.3,46.67018,0,1.711,0,0,0
100a.3,47.19387661,0.0984687,1.711,0,0,0
100a.3,48.26235146,0.099828765,1.711,0,0,0
100a.3,49.34221669,0.10118883,1.711,0,0,0
100a.3,50.39941208,0.102548895,1.711,0,0,0
100a.3,51.44087956,0.104180973,1.712,0,0,0
100a.3,52.4795631,0.105541038,1.714,0,0,0
100a.3,53.51840862,0.107173116,1.716,0,0,0
100a.3,54.55936385,0.108805194,1.718,0,0,0
100a.3,55.60237833,0.110709285,1.722,0,0,0
100a.3,56.64740324,0.112341363,1.726,0,0,0
100a.3,57.69539138,0.114245454,1.731,0,0,0
100a.3,58.74629709,0.116149544,1.737,0,0,0
100a.3,59.80107614,0.118053635,1.743,0,0,0
100a.3,60.85868574,0.120229739,1.75,0,0,0
100a.3,61.92208442,0.122405843,1.757,0,0,0
100a.3,62.98923199,0.124581947,1.765,0,0,0
100a.3,64.06208951,0.126758051,1.774,0,0,0
100a.3,65.14261921,0.129206168,1.783,0,0,0
100a.3,66.23078444,0.131926298,1.793,0,0,0
100a.3,67.32954967,0.134646427,1.803,0,0,0
100a.3,68.44188037,0.137366557,1.814,0,0,0
100a.3,69.57174306,0.1403587,1.825,0,0,0
100a.3,70.7251052,0.143350843,1.837,0,0,0
100a.3,71.91193519,0.146887012,1.849,0,0,0
100a.3,73.15120232,0.150151168,1.862,0,0,0
100a.3,74.47487674,0.153959349,1.875,0,0,0
100a.3,75.95492943,0.157767531,1.889,0,0,0
100a.3,77.78933219,0.161847726,1.903,0,0,0
100a.3,80.90805756,0.166199934,1.917,0,0,0
100a.3,88.12707885,0.170824154,1.933,0,0,0
100a.3,94.94137008,0.175992401,1.949,0,0.001,0.001
100a.3,94.27690597,0.181160648,1.967,0,0.002,0.002
100a.3,91.03166189,0.18687292,1.989,0,0.002,0.002
100a.3,89.0086139,0.193129219,2.013,0,0.002,0.002
100a.3,88.05873864,0.199657531,2.036,0,0.003,0.003
100a.3,87.82401339,0.207001881,2.059,0,0.003,0.003
100a.3,88.02341601,0.214890258,2.079,0,0.003,0.003
100a.3,88.4839249,0.22332266,2.098,0,0.004,0.003
100a.3,89.09651905,0.232843115,2.116,0,0.004,0.004
100a.3,89.83617795,0.243179608,2.133,0,0.004,0.004
100a.3,90.64688163,0.254604154,2.148,0,0.004,0.004
100a.3,91.5026106,0.267660777,2.163,0,0.004,0.004
100a.3,92.39134586,0.282077465,2.178,0,0.005,0.004
100a.3,93.30306889,0.298398244,2.192,0,0.005,0.004
100a.3,94.23276161,0.31716714,2.206,0,0.005,0.004
100a.3,95.17640639,0.338928179,2.22,0,0.005,0.005
100a.3,96.13198603,0.364497399,2.234,0,0.005,0.005
100a.3,97.09648373,0.394690841,2.248,0,0.005,0.005
100a.3,98.06888312,0.431412594,2.262,0,0.005,0.005
100a.3,99.0481682,0.476566749,2.276,0,0.005,0.005
100a.3,100.0323234,0.534233502,2.29,0,0.005,0.005
100a.3,101.0213334,0.609853112,2.304,0,0.005,0.005
100a.3,102.0141833,0.714034085,2.318,0,0.005,0.005
100a.3,103.0108587,0.866633369,2.332,0,0.005,0.005
100a.3,104.0103453,1.111445055,2.346,0,0.005,0.006
100a.3,105.0126293,1.564890701,2.359,0,0.005,0.006
100a.3,106.0166972,2.66763134,2.373,0,0.005,0.006
100a.3,107.0235357,5.921722675,2.386,0,0.006,0.006
100a.3,108.0311318,3.923243277,2.4,0,0.006,0.006
100a.3,109.041473,2.348016083,2.413,0,0.006,0.006
100a.3,110.052547,1.665807518,2.427,0,0.006,0.006
100a.3,111.0653416,1.291517651,2.44,0,0.006,0.006
100a.3,112.0798452,1.057042458,2.454,0,0.006,0.006
100a.3,113.0950461,0.897098823,2.467,0,0.006,0.006
100a.3,114.1109332,0.780949279,2.481,0,0.006,0.006
100a.3,115.1284954,0.693089085,2.494,0,0.006,0.006
100a.3,116.146722,0.6242698,2.508,0,0.006,0.006
100a.3,117.1666024,0.568779151,2.522,0,0.006,0.006
100a.3,118.1861264,0.523080969,2.535,0,0.006,0.006
100a.3,119.207284,0.484999152,2.549,0,0.006,0.006
100a.3,120.2290653,0.452629606,2.563,0,0.006,0.006
100a.3,121.2514607,0.424612269,2.576,0,0.006,0.006
100a.3,122.2134608,0.4001311,2.59,0,0.006,0.006
100a.3,123.0470565,0.378642075,2.603,0,0.006,0.006
100a.3,123.8572386,0.359873179,2.617,0,0.005,0.006
100a.3,124.7649986,0.342736361,2.63,0,0.005,0.006
100a.3,125.7463276,0.327503633,2.643,0,0.005,0.006
100a.3,126.7582175,0.313902984,2.656,0,0.005,0.006
100a.3,127.7826598,0.301390387,2.669,0,0.005,0.006
100a.3,128.8126467,0.289965842,2.682,0,0.005,0.006
100a.3,129.8441701,0.279357335,2.695,0,0.005,0.006
100a.3,130.8772225,0.269836881,2.707,0,0.005,0.006
100a.3,131.9107962,0.260860452,2.719,0,0.005,0.005
100a.3,132.942884,0.252700063,2.732,0,0.005,0.005
100a.3,133.9744786,0.245083699,2.744,0,0.005,0.005
100a.3,135.005573,0.237739349,2.757,0,0.005,0.005
100a.3,136.0361602,0.231211037,2.769,0.024,0.005,0.005
100a.3,137.0652336,0.224954738,2.781,0.07,0.004,0.005
100a.3,138.0937865,0.218970453,2.792,0.117,0.004,0.005
100a.3,139.1208124,0.213530193,2.804,0.167,0.004,0.005
100a.3,140.1473051,0.208089933,2.815,0.215,0.004,0.005
100a.3,141.1732584,0.2031937,2.825,0.259,0.004,0.005
100a.3,142.1976662,0.198569479,2.835,0.3,0.004,0.005
100a.3,143.2215226,0.194217271,2.845,0.338,0.004,0.005
100a.3,144.2448218,0.189865063,2.854,0.374,0.004,0.005
100a.3,144.2588601,0.186056881,2.862,0.392,0.004,0.005
100a.3,143.735735,0.1822487,2.87,0.393,0.004,0.005
100a.3,144.0634095,0.178440518,2.878,0.403,0.004,0.005
100a.3,144.1308881,0.174904349,2.885,0.412,0.004,0.005
100a.3,144.3313535,0.171640193,2.891,0.421,0.004,0.005
100a.3,144.6386163,0.16864805,2.896,0.432,0.004,0.005
100a.3,145.1027027,0.165383895,2.901,0.445,0.004,0.005
100a.3,145.3024484,0.162663765,2.906,0.455,0.004,0.004
100a.3,145.5876651,0.159671622,2.91,0.464,0.004,0.004
100a.3,145.7355024,0.157223505,2.914,0.471,0.004,0.004
100a.3,147.0493492,0.154503375,2.917,0.493,0.004,0.004
100a.3,148.9154708,0.152055258,2.92,0.526,0.004,0.004
100a.3,150.8413383,0.149607142,2.923,0.56,0.004,0.004
100a.3,152.8272843,0.147431038,2.926,0.593,0.004,0.004
100a.3,154.873539,0.144982921,2.929,0.626,0.004,0.004
100a.3,156.9792248,0.14307883,2.931,0.657,0.004,0.004
100a.3,159.1453505,0.140902726,2.934,0.686,0.004,0.004
100a.3,161.3728053,0.138998635,2.937,0.714,0.004,0.004
100a.3,163.6593533,0.136822531,2.94,0.742,0.003,0.004
100a.3,166.0056278,0.13491844,2.942,0.769,0.003,0.004
100a.3,168.4111266,0.133286362,2.945,0.793,0.003,0.004
100a.3,170.8742061,0.131382272,2.947,0.807,0.003,0.004
100a.3,173.3960767,0.129750194,2.95,0.832,0.003,0.004
100a.3,175.9747986,0.128118116,2.952,0.852,0.003,0.004
100a.3,178.6092768,0.126486038,2.954,0.868,0.003,0.004
100a.3,181.2982575,0.12485396,2.955,0.899,0.003,0.004
100a.3,184.0393247,0.123493895,2.957,0.91,0.003,0.004
100a.3,186.8328964,0.121861817,2.959,0.945,0.003,0.004
100a.3,189.6762227,0.120501752,2.96,0.952,0.003,0.004
100a.3,192.5663826,0.119141687,2.961,0.986,0.003,0.004
100a.3,195.5032831,0.117781622,2.962,0.98,0.003,0.004
100a.3,198.4836575,0.116421557,2.963,1.034,0.003,0.004
100a.3,201.5040649,0.115061492,2.963,1.026,0.003,0.004
100a.3,204.5638902,0.113973441,2.964,1.064,0.003,0.004
100a.3,207.6593446,0.112613376,2.964,1.08,0.003,0.004
100a.3,210.786467,0.111525324,2.964,1.047,0.003,0.004
100a.3,213.9441257,0.110165259,2.964,1.18,0.003,0.004
100a.3,217.1280213,0.109077207,2.963,1.172,0.009,0.004
100a.3,220.3346898,0.107989155,2.963,1.135,0.04,0.004
100a.3,223.5605067,0.106901103,2.962,1.146,0.068,0.003
100a.3,226.8006917,0.105813051,2.961,1.183,0.092,0.003
100a.3,230.0533143,0.104997012,2.96,1.206,0.111,0.003
100a.3,233.3133,0.10390896,2.959,1.222,0.127,0.003
100a.3,236.5764373,0.102820908,2.958,1.236,0.141,0.003
100a.3,239.838385,0.102004869,2.956,1.13,0.153,0.003
100a.3,243.0946815,0.100916817,2.955,1.368,0.164,0.003
100a.3,246.3407526,0.100100778,2.953,1.367,0.174,0.003
100a.3,244.7162852,0.099012726,2.951,1.272,0.184,0.003
100a.3,246.3377526,0.098196687,2.949,1.257,0.194,0.003
100a.3,247.9544962,0,2.947,1.291,0.203,0.003
100a.3,249.5669227,0,2.946,1.3,0.211,0.003
100a.3,251.1744331,0,2.944,1.315,0.218,0.003
100a.3,252.7774239,0,2.943,1.317,0.225,0.003
100a.3,254.3732865,0,2.941,1.324,0.231,0.003
100a.3,255.9624081,0,2.939,1.324,0.238,0.003
100a.3,257.5451721,0,2.938,1.329,0.244,0.003
100a.3,259.1189581,0,2.936,1.167,0.25,0.003
100a.3,260.6851428,0,2.935,1.394,0.256,0.003
100a.3,262.2411,0,2.933,1.447,0.26,0.003
100a.3,263.7882012,0,2.932,1.385,0.265,0.003
100a.3,265.3238158,0,2.93,1.352,0.271,0.003
100a.3,266.8493121,0,2.929,1.367,0.276,0.003
100a.3,268.3620568,0,2.927,1.389,0.281,0.003
100a.3,269.8634165,0,2.926,1.394,0.286,0.003
100a.3,271.3517573,0,2.924,1.342,0.29,0.003
100a.3,272.8254454,0,2.922,1.318,0.294,0.003
100a.3,274.2858481,0,2.921,1.454,0.299,0.003
100a.3,275.7313336,0,2.919,1.496,0.303,0.003
100a.3,277.1612717,0,2.918,1.424,0.307,0.003
100a.3,278.5750345,0,2.916,1.415,0.311,0.003
100a.3,279.9719964,0,2.915,1.427,0.315,0.003
100a.3,281.3505349,0,2.913,1.432,0.319,0.003
100a.3,282.7120309,0,2.911,1.442,0.323,0.003
100a.3,284.0548696,0,2.91,1.321,0.327,0.003
100a.3,285.3784401,0,2.908,1.435,0.331,0.003
100a.3,286.6821368,0,2.907,1.573,0.334,0.003
100a.3,287.9653593,0,2.905,1.511,0.339,0.003
100a.3,289.2275131,0,2.904,1.458,0.342,0.003
100a.3,290.4680099,0,2.902,1.469,0.346,0.003
100a.3,291.6872683,0,2.9,1.478,0.35,0.003
100a.3,292.8827142,0,2.899,1.491,0.353,0.003
100a.3,294.0547809,0,2.897,1.335,0.356,0.003
100a.3,295.2029101,0,2.896,1.588,0.36,0.003
100a.3,296.3265523,0,2.894,1.488,0.364,0.003
100a.3,297.4251666,0,2.893,1.494,0.367,0.003
100a.3,298.498222,0,2.891,1.355,0.369,0.003
100a.3,299.5461973,0,2.89,1.613,0.373,0.003
100a.3,300.5665818,0,2.889,1.503,0.376,0.003
100a.3,301.5598754,0,2.887,1.512,0.379,0.003
100a.3,302.5265896,0,2.886,1.317,0.382,0.003
100a.3,303.4642471,0,2.884,1.636,0.385,0.003
100a.3,304.3733831,0,2.883,1.516,0.388,0.003
100a.3,305.253545,0,2.882,1.53,0.391,0.003
100a.3,306.105293,0,2.88,1.299,0.393,0.003
100a.3,306.9262008,0,2.879,1.673,0.397,0.003
100a.3,307.7178554,0,2.878,1.522,0.4,0.003
100a.3,308.4778579,0,2.877,1.548,0.402,0.003
100a.3,309.2068237,0,2.875,1.204,0.404,0.003
100a.3,309.9053827,0,2.874,1.697,0.407,0.003
100a.3,310.57118,0,2.873,1.532,0.41,0.003
100a.3,311.2058756,0,2.872,1.554,0.412,0.003
100a.3,311.8071454,0,2.871,1.226,0.414,0.003
100a.3,312.376681,0,2.87,1.701,0.416,0.003
100a.3,312.9121901,0,2.869,1.537,0.419,0.003
100a.3,313.4153969,0,2.868,1.565,0.42,0.003
100a.3,313.8840422,0,2.867,1.411,0.421,0.003
100a.3,314.3198834,0,2.866,1.683,0.423,0.003
100a.3,314.7206954,0,2.865,1.596,0.427,0.003
100a.3,315.08827,0,2.864,1.56,0.427,0.003
100a.3,315.4204167,0,2.864,1.574,0.427,0.003
100a.3,315.7189626,0,2.863,1.545,0.429,0.003
100a.3,315.9817524,0,2.862,1.616,0.432,0.003
100a.3,316.2106488,0,2.861,1.563,0.434,0.003
100a.3,316.4035328,0,2.861,1.577,0.433,0.002
100a.3,316.5623033,0,2.86,1.755,0.437,0.002
100a.3,316.6858774,0,2.86,1.604,0.439,0.002
100a.3,316.7731908,0,2.859,1.562,0.44,0.002
100a.3,316.8261973,0,2.859,1.576,0.438,0.002
100a.3,316.8428692,0,2.858,1.756,0.442,0.002
100a.3,316.8251973,0,2.858,1.602,0.444,0.002
100a.3,316.7721908,0,2.858,1.561,0.444,0.002
100a.3,316.6828774,0,2.857,1.577,0.442,0.002
100a.3,316.5593033,0,2.857,1.758,0.446,0.002
100a.3,316.4005328,0,2.857,1.599,0.447,0.002
100a.3,316.2056488,0,2.857,1.558,0.447,0.002
100a.3,315.9767524,0,2.857,1.575,0.445,0.002
100a.3,315.7129626,0,2.856,1.757,0.449,0.003
100a.3,315.4134167,0,2.856,1.594,0.45,0.018
100a.3,315.08027,0,2.856,1.554,0.449,0.039
100a.3,314.7126954,0,2.856,1.569,0.447,0.049
100a.3,314.3108834,0,2.857,1.75,0.45,0.056
100a.3,313.8740422,0,2.857,1.588,0.451,0.063
100a.3,313.4043969,0,2.857,1.548,0.45,0.07
100a.3,312.9011901,0,2.857,1.562,0.448,0.075
100a.3,312.363681,0,2.857,1.741,0.451,0.082
100a.3,311.7941454,0,2.858,1.578,0.452,0.093
100a.3,311.1918756,0,2.858,1.541,0.451,0.108
100a.3,310.55718,0,2.859,1.553,0.448,0.121
100a.3,309.8893827,0,2.859,1.728,0.452,0.134
100a.3,309.1908237,0,2.859,1.566,0.452,0.145
100a.3,308.4608579,0,2.86,1.531,0.451,0.155
100a.3,307.6998554,0,2.861,1.542,0.448,0.164
100a.3,306.9082008,0,2.861,1.711,0.451,0.172
100a.3,306.085293,0,2.862,1.553,0.451,0.179
100a.3,305.233545,0,2.863,1.519,0.45,0.185
100a.3,304.3523831,0,2.863,1.528,0.447,0.191
100a.3,303.4422471,0,2.864,1.691,0.45,0.196
100a.3,302.5025896,0,2.865,1.537,0.449,0.2
100a.3,301.5358754,0,2.866,1.504,0.448,0.205
100a.3,300.5415818,0,2.867,1.513,0.445,0.208
100a.3,299.5201973,0,2.868,1.668,0.447,0.212
100a.3,298.472222,0,2.869,1.52,0.447,0.214
100a.3,297.3971666,0,2.87,1.488,0.445,0.217
100a.3,296.2975523,0,2.871,1.496,0.442,0.22
100a.3,295.1729101,0,2.872,1.642,0.444,0.222
100a.3,294.0237809,0,2.873,1.5,0.444,0.224
100a.3,292.8507142,0,2.874,1.471,0.442,0.226
100a.3,291.6542683,0,2.875,1.477,0.438,0.227
100a.3,290.4340099,0,2.876,1.614,0.44,0.229
100a.3,289.1925131,0,2.878,1.479,0.44,0.23
100a.3,287.9293593,0,2.879,1.451,0.437,0.231
100a.3,286.6451368,0,2.88,1.458,0.434,0.232
100a.3,285.3404401,0,2.881,1.586,0.436,0.233
100a.3,284.0158696,0,2.883,1.458,0.435,0.234
100a.3,282.6710309,0,2.884,1.428,0.432,0.235
100a.3,281.3085349,0,2.886,1.436,0.429,0.236
100a.3,279.9279964,0,2.887,1.553,0.43,0.236
100a.3,278.5300345,0,2.888,1.433,0.429,0.237
100a.3,277.1152717,0,2.89,1.404,0.427,0.237
100a.3,275.6843336,0,2.891,1.413,0.423,0.238
100a.3,274.2378481,0,2.893,1.516,0.424,0.238
100a.3,272.7754454,0,2.894,1.408,0.423,0.238
100a.3,271.2997573,0,2.896,1.379,0.42,0.238
100a.3,269.8104165,0,2.897,1.388,0.417,0.238
100a.3,268.3080568,0,2.899,1.479,0.417,0.238
100a.3,266.7933121,0,2.9,1.38,0.416,0.238
100a.3,265.2668158,0,2.902,1.351,0.413,0.238
100a.3,263.7292012,0,2.903,1.361,0.409,0.238
100a.3,262.1811,0,2.905,1.441,0.409,0.238
100a.3,260.6221428,0,2.907,1.352,0.408,0.237
100a.3,259.0549581,0,2.908,1.327,0.405,0.237
100a.3,257.4791721,0,2.91,1.332,0.402,0.237
100a.3,255.8954081,0,2.911,1.401,0.401,0.236
100a.3,254.3042865,0,2.913,1.322,0.399,0.236
100a.3,252.7064239,0,2.914,1.296,0.396,0.236
100a.3,251.1024331,0,2.916,1.304,0.393,0.235
100a.3,249.4929227,0,2.918,1.339,0.392,0.234
100a.3,247.8784962,0,2.919,1.298,0.39,0.234
100a.3,246.2587526,0,2.921,1.267,0.387,0.233
100a.3,244.6362852,0,2.922,1.274,0.384,0.233
100a.3,243.0106815,0,2.924,1.296,0.382,0.232
100a.3,241.382523,0,2.925,1.267,0.38,0.231
100a.3,239.752385,0,2.927,1.237,0.378,0.23
100a.3,238.120836,0,2.928,1.242,0.375,0.23
100a.3,236.4884373,0,2.93,1.252,0.372,0.229
100a.3,234.8557431,0,2.931,1.236,0.37,0.228
100a.3,233.2233,0,2.933,1.206,0.368,0.227
100a.3,231.5916469,0,2.934,1.211,0.365,0.226
100a.3,229.9613143,0,2.935,1.209,0.362,0.225
100a.3,228.3318246,0,2.937,1.206,0.36,0.224
100a.3,226.7056917,0,2.938,1.173,0.358,0.223
100a.3,225.0824204,0,2.94,1.178,0.354,0.222
100a.3,223.4625067,0,2.941,1.127,0.352,0.221
100a.3,221.8464374,0,2.942,1.167,0.349,0.22
100a.3,220.2346898,0,2.944,1.168,0.347,0.219
100a.3,218.6277317,0,2.945,1.127,0.344,0.218
100a.3,217.0260213,0,2.946,1.129,0.341,0.217
100a.3,215.4300066,0,2.947,1.126,0.338,0.216
100a.3,213.8401257,0,2.949,1.104,0.335,0.215
100a.3,212.2568066,0,2.95,1.058,0.333,0.214
100a.3,210.680467,0,2.951,1.117,0.33,0.212
100a.3,209.111514,0,2.952,1.112,0.328,0.211
100a.3,207.5493446,0,2.953,1.056,0.326,0.21
100a.3,205.9963448,0,2.954,1.104,0.323,0.209
100a.3,204.4518902,0,2.955,0.952,0.32,0.208
100a.3,202.9163456,0,2.956,1.047,0.315,0.207
100a.3,201.3900649,0,2.957,1.039,0.313,0.205
100a.3,199.8733915,0,2.958,1.035,0.311,0.204
100a.3,198.3666575,0,2.959,1.028,0.308,0.203
100a.3,196.8701846,0,2.96,1.015,0.305,0.202
100a.3,195.3842831,0,2.961,1.014,0.303,0.2
100a.3,193.9092529,0,2.961,0.971,0.3,0.199
100a.3,192.4453826,0,2.962,1.003,0.297,0.198
100a.3,190.9929502,0,2.963,0.915,0.294,0.197
100a.3,189.5522227,0,2.963,0.964,0.289,0.195
100a.3,188.1234563,0,2.964,0.949,0.287,0.194
100a.3,186.7068964,0,2.965,0.956,0.285,0.193
100a.3,185.3027779,0,2.965,0.911,0.282,0.192
100a.3,183.9103247,0,2.966,0.935,0.279,0.19
100a.3,182.5317502,0,2.966,0.882,0.275,0.189
100a.3,181.1662575,0,2.967,0.905,0.272,0.188
100a.3,179.814039,0,2.967,0.886,0.269,0.186
100a.3,178.4752768,0,2.967,0.884,0.266,0.185
100a.3,177.1501427,0,2.968,0.873,0.264,0.184
100a.3,175.8387986,0,2.968,0.863,0.26,0.182
100a.3,174.541396,0,2.968,0.849,0.257,0.181
100a.3,173.2580767,0,2.968,0.836,0.254,0.18
100a.3,171.9889727,0,2.969,0.825,0.251,0.179
100a.3,170.7342061,0,2.969,0.797,0.249,0.177
100a.3,169.4938896,0,2.969,0.805,0.246,0.176
100a.3,168.2681266,0,2.969,0.784,0.243,0.175
100a.3,167.0570111,0,2.969,0.789,0.24,0.173
100a.3,165.8606278,0,2.969,0.764,0.237,0.172
100a.3,164.6790529,0,2.968,0.757,0.234,0.171
100a.3,163.5123533,0,2.968,0.737,0.231,0.169
100a.3,162.3605874,0,2.968,0.733,0.228,0.168
100a.3,161.2238053,0,2.968,0.733,0.225,0.166
100a.3,160.1020485,0,2.967,0.722,0.222,0.165
100a.3,158.9943505,0,2.967,0.71,0.219,0.164
100a.3,157.9027367,0,2.967,0.697,0.216,0.162
100a.3,156.8262248,0,2.966,0.683,0.214,0.161
100a.3,155.7648247,0,2.966,0.67,0.211,0.16
100a.3,154.718539,0,2.965,0.656,0.208,0.158
100a.3,153.6873628,0,2.965,0.642,0.205,0.157
100a.3,152.6712843,0,2.964,0.627,0.202,0.156
100a.3,151.6702846,0,2.963,0.612,0.2,0.154
100a.3,150.6843383,0,2.962,0.597,0.197,0.153
100a.3,149.7134132,0,2.962,0.582,0.195,0.152
100a.3,148.7574708,0,2.961,0.566,0.192,0.15
100a.3,147.8164663,0,2.96,0.551,0.19,0.149
100a.3,146.8903492,0,2.959,0.534,0.187,0.148
100a.3,145.9790628,0,2.958,0.518,0.185,0.146
100a.3,145.082545,0,2.957,0.501,0.182,0.145
100a.3,144.2007281,0,2.956,0.484,0.18,0.144
100a.3,143.3335393,0,2.955,0.466,0.178,0.142
100a.3,142.4809005,0,2.953,0.447,0.175,0.141
100a.3,141.6427288,0,2.952,0.428,0.173,0.14
100a.3,140.8189366,0,2.951,0.409,0.171,0.139
100a.3,140.0094317,0,2.949,0.389,0.169,0.137
100a.3,139.2141175,0,2.948,0.369,0.167,0.136
100a.3,138.4328931,0,2.946,0.348,0.165,0.135
100a.3,137.6656539,0,2.945,0.326,0.163,0.134
100a.3,136.9122911,0,2.943,0.305,0.161,0.132
100a.3,136.1726925,0,2.941,0.283,0.159,0.131
100a.3,135.4467421,0,2.939,0.26,0.157,0.13
100a.3,134.7343207,0,2.938,0.237,0.155,0.129
100a.3,134.034306,0,2.936,0.213,0.153,0.128
100a.3,133.3485726,0,2.934,0.19,0.152,0.126
100a.3,132.6759921,0,2.932,0.165,0.15,0.125
100a.3,132.0164338,0,2.929,0.14,0.148,0.124
100a.3,131.3697639,0,2.927,0.116,0.147,0.123
100a.3,130.7358467,0,2.925,0.092,0.145,0.122
100a.3,130.114544,0,2.922,0.072,0.143,0.121
100a.3,129.5057155,0,2.92,0.052,0.142,0.12
100a.3,128.909219,0,2.917,0.031,0.14,0.119
100a.3,128.3249105,0,2.914,0.01,0.139,0.118
100a.3,127.7526444,0,2.912,0,0.137,0.117
100a.3,127.1922734,0,2.909,0,0.136,0.116
100a.3,126.6436488,0,2.906,0,0.134,0.115
100a.3,126.1066208,0,2.902,0,0.133,0.114
100a.3,125.5810384,0,2.899,0,0.132,0.113
100a.3,125.0667494,0,2.896,0,0.13,0.112
100a.3,124.5636008,0,2.892,0,0.129,0.111
100a.3,124.0714391,0,2.889,0,0.128,0.11
100a.3,123.5901096,0,2.885,0,0.126,0.109
100a.3,123.1194574,0,2.881,0,0.125,0.108
100a.3,122.6593272,0,2.877,0,0.124,0.107
100a.3,122.2095631,0,2.873,0,0.123,0.106
100a.3,121.7700091,0,2.869,0,0.122,0.105
100a.3,121.3405091,0,2.865,0,0.12,0.104
100a.3,120.9209069,0,2.861,0,0.119,0.103
100a.3,120.5110464,0,2.856,0,0.118,0.103
100a.3,120.1107716,0,2.852,0,0.117,0.102
100a.3,119.7199267,0,2.848,0,0.116,0.101
100a.3,119.3383564,0,2.843,0,0.115,0.1
100a.3,118.9659056,0,2.839,0,0.114,0.099
100a.3,118.6024197,0,2.834,0,0.113,0.098
100a.3,118.2477449,0,2.83,0,0.112,0.098
100a.3,117.9017276,0,2.826,0,0.111,0.097
100a.3,117.5642153,0,2.821,0,0.11,0.096
100a.3,117.2350562,0,2.817,0,0.109,0.095
100a.3,116.9140991,0,2.812,0,0.108,0.095
100a.3,116.6011939,0,2.808,0,0.107,0.094
100a.3,116.2961916,0,2.804,0,0.106,0.093
100a.3,115.9989438,0,2.799,0,0.105,0.092
100a.3,115.7093036,0,2.795,0,0.104,0.092
100a.3,115.4271249,0,2.791,0,0.103,0.091
100a.3,115.1522631,0,2.787,0,0.102,0.09
100a.3,114.8835745,0,2.783,0,0.101,0.09
100a.3,114.622917,0,2.779,0,0.1,0.089
100a.3,114.3691495,0,2.775,0,0.1,0.088
100a.3,114.1221324,0,2.771,0,0.099,0.088
100a.3,113.8817276,0,2.767,0,0.098,0.087
100a.3,113.6477983,0,2.763,0,0.097,0.086
100a.3,113.4202092,0,2.759,0,0.096,0.086
100a.3,113.1988264,0,2.756,0,0.096,0.085
100a.3,112.9835176,0,2.752,0,0.095,0.085
100a.3,112.7741522,0,2.748,0,0.094,0.084
100a.3,112.570601,0,2.745,0,0.093,0.083
100a.3,112.3727365,0,2.742,0,0.092,0.083
100a.3,112.1804326,0,2.738,0,0.092,0.082
100a.3,111.9935653,0,2.735,0,0.091,0.082
100a.3,111.8120117,0,2.732,0,0.09,0.081
100a.3,111.6356511,0,2.728,0,0.09,0.081
100a.3,111.4643642,0,2.725,0,0.089,0.08
100a.3,106.4812959,0,2.722,0,0.088,0.079
